{"cameraMode":{"drawMode":0,"name":"Shaded","section":"Shading Mode"},"sceneLighting":true,"audioPlay":false,"sceneViewState":{"showFog":true,"showMaterialUpdate":false,"showSkybox":true,"showFlares":true,"showImageEffects":true,"showParticleSystems":true},"in2DMode":false,"pivot":{"x":10.264813423156739,"y":-4.328020095825195,"z":4.33945369720459},"rotation":{"x":-0.33436813950538638,"y":0.14646179974079133,"z":-0.05268452689051628,"w":-0.9295164346694946},"size":9.869184494018555,"orthographic":false}