{"cameraMode":{"drawMode":0,"name":"Shaded","section":"Shading Mode"},"sceneLighting":true,"audioPlay":false,"sceneViewState":{"showFog":true,"showMaterialUpdate":false,"showSkybox":true,"showFlares":true,"showImageEffects":true,"showParticleSystems":true},"in2DMode":false,"pivot":{"x":8.60214614868164,"y":27.49770164489746,"z":15.017996788024903},"rotation":{"x":0.31380414962768557,"y":-0.6795008778572083,"z":0.40760111808776858,"w":0.5231396555900574},"size":11.8329496383667,"orthographic":false}